index;gid;co_cnes;lat;long;no_fantasia;no_logradouro;nu_endereco;no_bairro;nu_telefone;co_cep;uf;cidade;ano_ubs_det;mes_ubs_det;lat_corrigida;long_corrigida;endereco_google
1569;3804;6855709;-22.903000000000002;-43.208;SMS CF PADRE JOHN CRIBBIN PADRE JOAO AP 51;ESTRADA MANOEL NOGUEIRA DE SA;S/N;REALENGO;3555-4877;21745290.0;RJ;Rio de Janeiro;2016;5;-22.8885564;-43.4140127;Estr. Manuel Nogueira de Sá - Realengo, Rio de Janeiro - RJ, Brazil
1602;3772;6618863;-22.8766521181864;-43.2278751249952;SMS CF HELANDE DE MELLO GONCALVES AP 53;ESTRADA DE PACIENCIA;S/N;PACIENCIA;(21)33953020;23585045.0;RJ;Rio de Janeiro;2016;5;-22.9055857;-43.6182806;Estr. de Paciência, Rio de Janeiro - RJ, Brazil
1775;4310;6677711;-22.8766521181864;-43.2278751249952;SMS CF DALMIR DE ABREU SALGADO AP 52;ESTRADA DO MAGARCA;1831;GUARATIBA;(21)25091974;23031204.0;RJ;Rio de Janeiro;2016;5;-22.9419057;-43.5909744;Estr. do Magarça, 1831 - Guaratiba, Rio de Janeiro - RJ, 23035-372, Brazil
2692;5558;6572014;-22.8766521181864;-43.2278751249952;SMS CF LOURENCO DE MELLO AP 53;RUA CORONEL TITO PORTO CARRERO;S/N;PACIENCIA;(21)34277068;23580010.0;RJ;Rio de Janeiro;2016;5;-22.9165817;-43.6428963;Rua Coronel Tito Portocarrero - Paciência, Rio de Janeiro - RJ, Brazil
2971;5715;3785009;-22.8766521181864;-43.2278751249952;SMS CF VALERIA GOMES ESTEVES AP 53;RUA VITORIA REGIA;4;SEPETIBA;31581733;23545004.0;RJ;Rio de Janeiro;2016;5;-22.963337;-43.703232;R. Vitória Régia, 4 - Sepetiba, Rio de Janeiro - RJ, 23545-004, Brazil
3087;6129;6681379;-22.8766521181864;-43.2278751249952;SMS CF HERBERT JOSE DE SOUZA AP 32;AVENIDA PASTOR MARTIN LUTHER KING JUNIOR;4776;TOMAS COELHO;(21) 3352-4528;21220300.0;RJ;Rio de Janeiro;2016;5;-22.8629399;-43.3060309;Av. Pastor Martin Luther King Junior, 4776 - Inhauma, Rio de Janeiro - RJ, 20765-630, Brazil
3904;7326;6683851;-22.8766521181864;-43.2278751249952;SMS CF SAMUEL PENHA VALLE AP 53;AV CESARIO DE MELO;12574;SANTA CRUZ;(21)33130945;23595040.0;RJ;Rio de Janeiro;2016;5;-22.9267275;-43.6522363;Av. Cesário de Melo, 12574 - Santa Cruz, Rio de Janeiro - RJ, 23595-040, Brazil
4003;7273;6029841;-22.8766521181864;-43.2278751249952;SMS CF ROGERIO ROCCO AP 52;ESTRADA DO ENCANAMENTO;S/N;COSMOS;(21)2411-4141;23060000.0;RJ;Rio de Janeiro;2016;5;-22.8909938;-43.6082385;Estr. do Encanamento - Cosmos, Rio de Janeiro - RJ, 23060-000, Brazil
4291;7961;6618855;-22.8766521181864;-43.2278751249952;SMS CF SERGIO AROUCA AP 53;RUA DO IMPERIO;S/N;SANTA CRUZ;(21)33651524;23555024.0;RJ;Rio de Janeiro;2016;5;-22.9189027;-43.6943288;R. do Império - Santa Cruz, Rio de Janeiro - RJ, Brazil
4715;29672;2288346;-22.903000000000002;-43.208;SMS CMS MARCOLINO CANDAU AP 10;RUA LAURA DE ARAUJO;36;CIDADE NOVA;(21)2273-2244;20211170.0;RJ;Rio de Janeiro;2016;5;-22.9095716;-43.2008305;R. Laura de Araújo, 36 - Cidade Nova, Rio de Janeiro - RJ, 20211-170, Brazil
4936;9111;6618871;-22.8766521181864;-43.2278751249952;SMS CF JAMIL HADDAD AP 53;RUA SOLDADO JOAO ROTELO;S/N;PACIENCIA;21)24103178/33541447;23066090.0;RJ;Rio de Janeiro;2016;5;-22.8837456;-43.64014419999999;R. Sd. João Rotelo - Paciência, Rio de Janeiro - RJ, Brazil
5587;9718;6671020;-22.8766521181864;-43.2278751249952;SMS CF EDSON ABDALLA SAAD AP 53;AVENIDA CESARIO DE MELO;25;SANTA CRUZ;(21)33655365;23575070.0;RJ;Rio de Janeiro;2016;5;-22.8979127;-43.5506536;Av. Cesário de Melo, 25 - Campo Grande, Rio de Janeiro - RJ, 23085-590, Brazil
5621;9783;6808077;-22.903000000000002;-43.208;SMS CF ANTHIDIO DIAS DA SILVEIRA AP 32;AVENIDA DOM HELDER CAMARA;S/N;JACAREZINHO;(21) 2218-1462;20973011.0;RJ;Rio de Janeiro;2016;5;-22.8863238;-43.2514552;Av. Dom Hélder Câmara - Jacarezinho, Rio de Janeiro - RJ, Brazil
5706;9784;6635709;-22.8766521181864;-43.2278751249952;SMS CF JOSE DE PAULA LOPES PONTES AP 52;RUA JABURU;S/N;GUARATIBA;(21)23948008;23031190.0;RJ;Rio de Janeiro;2016;5;-22.9570675;-43.6091615;R. Jaburu - Guaratiba, Rio de Janeiro - RJ, Brazil
6567;10836;6762042;-22.8766521181864;-43.2278751249952;SMS CF EDNEY CANAZARO DE OLIVEIRA AP 32;AVENIDA MARECHAL RONDOM C RUA ANTUNES GARCIA;S/N;SAMPAIO;(21) 3283-6377;20950060.0;RJ;Rio de Janeiro;2016;5;-22.9027276;-43.261326;R. Antunes García, 12 - Sampaio, Rio de Janeiro - RJ, 20950-060, Brazil
6617;10890;7021771;-22.9191334684827;-43.673950731754296;SMS CF RAIMUNDO ALVES NASCIMENTO AP 33;RUA MARCOS DE MACEDO;S/N;GUADALUPE;21 31070882;21660020.0;RJ;Rio de Janeiro;2016;5;-22.8400709;-43.3781283;R. Marcos de Macedo - Guadalupe, Rio de Janeiro - RJ, Brazil
7003;11849;3416321;-22.903000000000002;-43.208;SMS CF ANTONIO GONCALVES DA SILVA AP 51;ESTRADA DO ENGENHO NOVO;S/N;REALENGO;(21)3467-9893;21730320.0;RJ;Rio de Janeiro;2016;5;-22.8623831;-43.4265268;Estr. do Engenho Novo - Realengo, Rio de Janeiro - RJ, 21730-320, Brazil
7744;12518;2269929;-22.8766521181864;-43.2278751249952;SMS CMS CATTAPRETA AP 53;RUA ENGENHEIRO JOSE BOANERGES CESAR;S/N;SANTA CRUZ;(21)31581734;23565380.0;RJ;Rio de Janeiro;2016;5;-22.8897624;-43.7175473;Rua Engenheiro Jose Boanerges Cesar S/N Conj Sao Fernando - Santa Cruz, 23565-380, Brazil
8096;13323;2296543;-22.903000000000002;-43.208;SMS CMS JORGE SALDANHA BANDEIRA DE MELLO AP40;AVENIDA GEREMARIO DANTAS;135;JACAREPAGUA TANQUE;21 3392-0050;22735000.0;RJ;Rio de Janeiro;2016;5;-22.9201031;-43.3601605;Av. Geremário Dantas, 135 - Tanque, Rio de Janeiro - RJ, 22740-010, Brazil
8446;13648;6820018;-22.8766521181864;-43.2278751249952;SMS CF BARBARA STARFIELD AP 32;RUA VOLTA GRANDE;S/N;DEL CASTILHO;(21) 3217-1251;21051100.0;RJ;Rio de Janeiro;2016;5;-22.8764878;-43.2700893;R. Volta Grande - Del Castilho, Rio de Janeiro - RJ, Brazil
8501;13802;6804209;-22.8766521181864;-43.2278751249952;SMS CF ASSIS VALENTE AP 31;EST DAS CANARIAS COM AV BRAS CRISPIN PRACA;S/N;GALEAO;(21) 98498-3173;21931582.0;RJ;Rio de Janeiro;2016;5;-22.810774;-43.2270808;Estr. das Canárias, S/N - Galeão, Rio de Janeiro - RJ, 21941-480, Brazil
8737;14398;7722494;-22.90169;-43.20458;SMS CF FAIM PEDRO AP 51;RUA MARECHAL AGRICOLA;S/N;REALENGO;3462-8486;21735370.0;RJ;Rio de Janeiro;2016;5;-22.8732496;-43.4317315;R. Mal. Agrícola - Realengo, Rio de Janeiro - RJ, 21735-370, Brazil
9823;15969;5154197;-22.8766521181864;-43.2278751249952;SMS CF DAVID CAPISTRANO FILHO AP 52;AVENIDA CESARIO DE MELO;S/N;CAMPO GRANDE;(21)3384-1569;23045210.0;RJ;Rio de Janeiro;2016;5;-22.9094355;-43.5806682;Av. Cesário de Melo - Campo Grande, Rio de Janeiro - RJ, Brazil
9899;15962;6713564;-22.8766521181864;-43.2278751249952;SMS CF ANNA NERY AP 32;RUA ANA NERI COM RUA GENERAL BELFORD;S/N;ROCHA;(21) 3283-3225;20960082.0;RJ;Rio de Janeiro;2016;5;-22.9010032;-43.252119;R. Gen. Belford & R. Ana Neri - Rocha, Rio de Janeiro - RJ, 20960-005, Brazil
10067;15711;2273578;-22.903000000000002;-43.208;SMS CMS CESARIO DE MELLO AP 53;RUA 2;S/N;SANTA CRUZ;(21)33052049;23595040.0;RJ;Rio de Janeiro;2016;5;-22.9034244;-43.7083604;Av. João XXIII Conj. Liberdade, Rua 13, S/N - Santa Cruz, 23570-370, Brazil
10415;16475;6742130;-22.8766521181864;-43.2278751249952;SMS CF EMYGDIO ALVES COSTA FILHO AP 32;RUA DO LAZER;153;PILARES;(21) 3283-3776;20760230.0;RJ;Rio de Janeiro;2016;5;-22.8811568;-43.2879491;Rua de Lazer, 153 - Pilares, Rio de Janeiro - RJ, 20770-054, Brazil
10789;17076;6901042;-22.903000000000002;-43.208;SMS CF NILDO EYMAR DE ALMEIDA AGUIAR AP 51;ESTRADA GENERAL AMERICANO FREIRE;S/N;REALENGO;3464-9344;21720140.0;RJ;Rio de Janeiro;2016;5;-22.8644999;-43.4453345;Estr. Gen. Americano Freire - Realengo, Rio de Janeiro - RJ, Brazil
10880;17079;7723296;-22.90169;-43.20458;SMS CF EVERTON DE SOUZA SANTOS AP 52;ESTRADA DE MORICABA;S/N;SENADOR VASCONCELOS;(21) 3364-7596;23012006.0;RJ;Rio de Janeiro;2016;5;-22.9065797;-43.5331755;Estr. Moriçaba, Rio de Janeiro - RJ, Brazil
11705;18087;7119798;-22.891347793067396;-43.3251428604126;SMS CF CARLOS NERY DA COSTA FILHO AP 33;RUA CLARIMUNDO DE MELO;847;QUINTINO;21 22691911;21311282.0;RJ;Rio de Janeiro;2016;5;-22.8929667;-43.32446969999999;Rua Clarimundo de Melo, 847 - Quintino Bocaiuva, Rio de Janeiro - RJ, Brazil
11713;18090;6648371;-22.8766521181864;-43.2278751249952;SMS CF HANS JURGEN FERNANDO DOHMANN AP 52;ESTRADA DO PIAI;S/N;GUARATIBA;(21)24176014;23028050.0;RJ;Rio de Janeiro;2016;5;-22.9815764;-43.664351;Estr. do Piaí - Guaratiba, Rio de Janeiro - RJ, Brazil
11779;18192;6023916;-22.8766521181864;-43.2278751249952;SMS CF FIORELLO RAYMUNDO AP 51;RUA ACAFRAO;S/N;BANGU;3468-8516;21870330.0;RJ;Rio de Janeiro;2016;5;-22.8687545;-43.456079;R. do Açafrão - Bangu, Rio de Janeiro - RJ, Brazil
13312;20325;2273586;-22.8766521181864;-43.2278751249952;SMS CMS EMYDIO CABRAL AP 53;RUA IEDA SANTOS DELGADO;03;PACIENCIA;(21)33145159;23587320.0;RJ;Rio de Janeiro;2016;5;-22.9240359;-43.6247291;R. Iêda Santos Delgado, 3 - Paciência, Rio de Janeiro - RJ, 23587-320, Brazil
15077;26145;7874162;-22.876651763916;-43.227874755859396;SMS CF WILSON MELLO SANTOS ZICO AP51;ESTRADA SARGENTO MIGUEL FILHO;S/N;VILA KENNEDY;2405-2099;21850007.0;RJ;Rio de Janeiro;2016;5;-22.8588961;-43.4870104;Estr. Srg. Miguel Filho - Bangu, Rio de Janeiro - RJ, Brazil
15268;26150;7810172;-22.877547699999997;-43.48133120000001;SMS CF SANDRA REGINA SAMPAIO DE SOUZA AP 51;AVENIDA SANTA CRUZ;S/N;SENADOR CAMARA;3839-9160;21830000.0;RJ;Rio de Janeiro;2016;5;-22.8829644;-43.48917489999999;Av. de Santa Cruz - Senador Camará, Rio de Janeiro - RJ, Brazil
16318;27891;3567540;-22.903000000000002;-43.208;SMS CF ANA GONZAGA AP 52;PRACA JOAO WESLEY;07;INHOAIBA;(21)24156520;23059540.0;RJ;Rio de Janeiro;2016;5;-22.9098302;-43.5948918;Praça João Wesley - Inhoaíba, Rio de Janeiro - State of Rio de Janeiro, 23059-540, Brazil
16544;27886;7723296;-22.90169;-43.20458;SMS CF EVERTON DE SOUZA SANTOS AP 52;ESTRADA DE MORICABA;S/N;SENADOR VASCONCELOS;(21) 3364-7596;23012006.0;RJ;Rio de Janeiro;2016;5;-22.9065797;-43.5331755;Estr. Moriçaba, Rio de Janeiro - RJ, Brazil
16947;28747;3796310;-22.8766521181864;-43.2278751249952;SMS CMS VILA CANOAS AP 21;ESTRADA DAS CANOAS;610;SAO CONRADO;(21) 3322-6302;22610210.0;RJ;Rio de Janeiro;2016;5;-22.9948065;-43.27010749999999;Estrada da Canoa, 610 - São Conrado, Rio de Janeiro - RJ, 22610-210, Brazil
17038;28560;5315050;-22.903000000000002;-43.208;SMS CMS PORTUS E QUITANDA AP 33;RUA JORGE NOGUEIRA;S/N;COSTA BARROS;21 38356123;21520790.0;RJ;Rio de Janeiro;2016;5;-22.8174977;-43.3666509;R. Jorge Nogueira - Costa Barros, Rio de Janeiro - RJ, Brazil
17041;28564;2288370;-22.8766521181864;-43.2278751249952;SMS CMS PINDARO DE CARVALHO RODRIGUES AP 21;AV PADRE LEONEL FRANCA;S/N;GAVEA;(21) 2511-2619;22451000.0;RJ;Rio de Janeiro;2016;5;-22.9805752;-43.2324053;Av. Padre Leonel Franca - Gávea, Rio de Janeiro - RJ, Brazil
17102;28629;2270277;-22.903000000000002;-43.208;SMS CMS ALVIMAR DE CARVALHO AP 52;RUA SOLDADO ELISEU HIPOLITO;S/N;PEDRA DE GUARATIBA;(21)3404-7799;23025110.0;RJ;Rio de Janeiro;2016;5;-22.998868;-43.62981;Rua Soldado Elizeu Hipólito - Pedra de Guaratiba, Rio de Janeiro - RJ, Brazil
17105;28536;2280779;-22.903000000000002;-43.208;SMS CMS NECKER PINTO AP 31;ESTRADA RIO JEQUIA;428;ZUMBI;(21)33675199;21930007.0;RJ;Rio de Janeiro;2016;5;-22.821032;-43.177723;Estr. do Rio Jequiá, 428 - Cacuia, Rio de Janeiro - RJ, 21930-185, Brazil
17136;28640;3785025;-22.8766521181864;-43.2278751249952;SMS CF RECANTO DO TROVADOR AP 22;RUA VISCONDE DE SANTA ISABEL;272;VILA ISABEL;2577-7097;20560120.0;RJ;Rio de Janeiro;2016;5;-22.9165917;-43.2590641;R. Visc. de Santa Isabel, 272 - Vila Isabel, Rio de Janeiro - RJ, 20560-121, Brazil
17163;28549;2708205;-22.903000000000002;-43.208;SMS CMS MARIO OLINTO DE OLIVEIRA AP 33;RUA FERRAZ;2;CASCADURA;21 32720011;21311060.0;RJ;Rio de Janeiro;2016;5;-22.884941;-43.327661;R. Ferraz, 2 - Cascadura, Rio de Janeiro - RJ, 21311-060, Brazil
17233;28634;2280272;-22.903000000000002;-43.208;SMS CMS MARIA AUGUSTA ESTRELLA AP 22;RUA VISCONDE DE SANTA ISABEL;56;VILA ISABEL;31116100;20560121.0;RJ;Rio de Janeiro;2016;5;-22.9161699;-43.25324639999999;R. Visc. de Santa Isabel, 56 - Vila Isabel, Rio de Janeiro - RJ, 20560-120, Brazil
17244;28649;2270285;-22.903000000000002;-43.208;SMS CMS WOODROW PIMENTEL PANTOJA AP 52;ESTRADA DO MAGARCA;4435;GUARATIBA;(21)23948360;23031202.0;RJ;Rio de Janeiro;2016;5;-22.955289;-43.609888;Estr. do Magarça, 4435 - Guaratiba, Rio de Janeiro - RJ, 23031-202, Brazil
17265;28745;7414226;-22.91441;-43.21305;SMS CMS HELIO PELLEGRINO AP 22;RUA DO MATOSO;96;PRACA DA BANDEIRA;25029546;20270133.0;RJ;Rio de Janeiro;2016;5;-22.9143376;-43.2132653;R. do Matoso, 96 - Praca da Bandeira, Rio de Janeiro - RJ, 20270-133, Brazil
17972;29670;2270013;-22.903000000000002;-43.208;SMS CMS CECILIA DONNANGELO AP 40;ESTRADA DOS BANDEIRANTES;21136;VARGEM GRANDE;(21)33250300;22783551.0;RJ;Rio de Janeiro;2016;5;-22.9852958;-43.5060734;Estr. dos Bandeirantes, 21136 - Vargem Grande, Rio de Janeiro - RJ, Brazil
17989;29669;6272053;-22.8766521181864;-43.2278751249952;SMS CF SANTA MARTA AP 21;RUA SAO CLEMENTE;312;BOTAFOGO;22862374;22260150.0;RJ;Rio de Janeiro;2016;5;-22.949986;-43.1926041;R. São Clemente, 312 - Botafogo, Rio de Janeiro - RJ, 22260-000, Brazil
17990;29679;6922031;-22.903000000000002;-43.208;SMS CMS MANOEL GUILHERME DA SILVEIRA FILHO AP 51;AV RIBEIRO DANTAS;571;BANGU;34625386;21870170.0;RJ;Rio de Janeiro;2016;5;-22.8703391;-43.4574769;Av. Ribeiro Dantas, 571 - Bangu, Rio de Janeiro - RJ, 21870-170, Brazil
18054;29675;2269805;-22.903000000000002;-43.208;SMS CMS MILTON FONTES MAGARAO AP 32;AV AMARO CAVALCANTI;1387;ENGENHO DE DENTRO;3111-6707;20735041.0;RJ;Rio de Janeiro;2016;5;-22.8964749;-43.2901815;Av. Amaro Cavalcanti, 1387 - Todos os Santos, Rio de Janeiro - RJ, 20735-041, Brazil
18138;29680;2296586;-22.903000000000002;-43.208;SMS CMS NASCIMENTO GURGEL AP 33;RUA MERCURIO;S/N;PAVUNA;21 24070430;21532290.0;RJ;Rio de Janeiro;2016;5;-22.8053885;-43.35611979999999;R. Mercúrio - Pavuna, Rio de Janeiro - RJ, Brazil
18146;29678;2280736;-22.903000000000002;-43.208;SMS CMS RENATO ROCCO AP 32;RUA AIRES DE CASAL;S/N;JACARE;(21) 3297-2521;20785090.0;RJ;Rio de Janeiro;2016;5;-22.8925724;-43.2631589;R. Aíres de Casal - Jacaré, Rio de Janeiro - RJ, Brazil
18168;29677;2269953;-22.921960000000002;-43.20969;SMS CMS SALLES NETTO AP 10;PRACA CONDESSA PAULO DE FRONTIN;52;RIO COMPRIDO;32510686;20261190.0;RJ;Rio de Janeiro;2016;5;-22.9250433;-43.2089244;Praça Condessa Paulo de Frontin, 52 - Rio Comprido, Rio de Janeiro - RJ, 20961-360, Brazil
18181;29676;6664075;-22.8766521181864;-43.2278751249952;SMS CF FELIPPE CARDOSO AP 31;AVENIDA NOSSA SENHORA DA PENHA;42;PENHA;(21)3977-7661;21070390.0;RJ;Rio de Janeiro;2016;5;-22.8428371;-43.2790684;Av. Nossa Sra. da Penha, 42 - Penha, Rio de Janeiro - RJ, 21070-390, Brazil
18182;29673;2269902;-22.903000000000002;-43.208;SMS CMS JOSE BREVES DOS SANTOS AP 31;RUA MAR GRANDE;10;CORDOVIL;995485322;21010290.0;RJ;Rio de Janeiro;2016;5;-22.8170123;-43.2895397;R. Mar Grande, 10 - Cordovil, Rio de Janeiro - RJ, 21010-290, Brazil
18197;29674;6926797;-22.903000000000002;-43.208;SMS CMS RODOLPHO ROCCO AP 32;RUA LAGOA VERDE;S/N;DEL CASTILHO;(21) 3868-4243;21051360.0;RJ;Rio de Janeiro;2016;5;-22.8739158;-43.2721418;R. Lagoa Clara, S/N - Del Castilho, Rio de Janeiro - RJ, 21051-370, Brazil
18232;29671;2708434;-22.8766521181864;-43.2278751249952;SMS CMS MANOEL JOSE FERREIRA AP 21;RUA SILVEIRA MARTINS;161;CATETE;(21) 2225-7505;22221000.0;RJ;Rio de Janeiro;2016;5;-22.9261996;-43.178613;R. Silveira Martins, 161 - Catete, Rio de Janeiro - RJ, 22211-200, Brazil
18276;29681;2273179;-22.903000000000002;-43.208;SMS CMS AUGUSTO DO AMARAL PEIXOTO AP 33;RUA JORNALISTA HERMANO REQUIAO;447;GUADALUPE;21 30151867;21670360.0;RJ;Rio de Janeiro;2016;5;-22.8470938;-43.37848109999999;R. Jorn. Hermano Requião, 447 - Guadalupe, Rio de Janeiro - RJ, 21670-360, Brazil
18298;29716;6023975;-22.8766521181864;-43.2278751249952;SMS CF DONA ZICA AP 10;RUA JOAO RODRIGUES;43;SAO FRANCISCO XAVIER;2218-3351;20960010.0;RJ;Rio de Janeiro;2016;5;-22.9013619;-43.2429503;R. João Rodrigues, 43 - São Francisco Xavier, Rio de Janeiro - RJ, 20960-010, Brazil
20590;32356;2280280;-22.9604;-43.2709;SMS CMS NICOLA ALBANO AP 22;RUA BOA VISTA;190;ALTO DA BOA VISTA;24848312;20531610.0;RJ;Rio de Janeiro;2016;5;-22.966007;-43.27749499999999;R. Boa Vista, 190 - Alto da Boa Vista, Rio de Janeiro - RJ, Brazil
20650;32285;5476607;-22.903000000000002;-43.208;SMS CF ADIB JATENE AP 31;AVENIDA BENTO RIBEIRO DANTAS;S/N;COMPLEXO DA MARE;021 99271-1880;21046175.0;RJ;Rio de Janeiro;2016;5;-22.867089;-43.2405924;Av. Bento Ribeiro Dantas - Maré, Rio de Janeiro - RJ, Brazil
21368;33013;2277298;-22.903000000000002;-43.208;SMS CMS FERNANDO A BRAGA LOPES CAJU AP 10;RUA CARLOS SEIDL;785;CAJU;(21) 3890-4323;20931004.0;RJ;Rio de Janeiro;2016;5;-22.875778;-43.222244;R. Carlos Seidl, 785 - Caju, Rio de Janeiro - RJ, 20931-002, Brazil
23082;34557;2295032;-22.903000000000002;-43.208;SMS CMS MARIA CRISTINA ROMA PAUGARTTEN AP 31;RUA JOAQUIM GOMES;S/N;RAMOS;(21)38670569;21040060.0;RJ;Rio de Janeiro;2016;5;-22.8517026;-43.251327;R. Joaquim Gomes - Ramos, Rio de Janeiro - RJ, 21040-060, Brazil
23731;35600;2269376;-22.903000000000002;-43.208;SMS CMS HEITOR BELTRAO AP 22;RUA DESEMBARGADOR ISIDRO;144;TIJUCA;22686642;20521160.0;RJ;Rio de Janeiro;2016;5;-22.929719;-43.2346796;R. Des. Izidro, 144 - Tijuca, Rio de Janeiro - RJ, 20521-160, Brazil
23929;35867;6664164;-22.903000000000002;-43.208;SMS CMS SAO GODOFREDO AP 31;RUA SAO GODOFREDO;45;PENHA;(021)39765038;21021230.0;RJ;Rio de Janeiro;2016;5;-22.8414441;-43.2707395;R. São Godofredo, 45 - Penha, Rio de Janeiro - RJ, 21021-230, Brazil
23935;35776;3784959;-22.8766521181864;-43.2278751249952;SMS CMS JOAO CANDIDO AP 31;AV LOBO JR;83;PENHA CIRCULAR;(02)12584-2083;21011065.0;RJ;Rio de Janeiro;2016;5;-22.821922;-43.271145;Av. Lobo Júnior, 83 - Penha Circular, Rio de Janeiro - RJ, 21020-124, Brazil
23965;35613;2296535;-22.903000000000002;-43.208;SMS CMS NAGIB JORGE FARAH AP 31;PRACA SOLDADO MICHEL CHEIB;S/N;JARDIM AMERICA;33577006;21240780.0;RJ;Rio de Janeiro;2016;5;-22.8078094;-43.3214306;Praça Michael Cheib, s/n - Jardim America, Rio de Janeiro - RJ, 21240-780, Brazil
23966;35814;5467136;-22.8766521181864;-43.2278751249952;SMS CMS PARQUE ROYAL AP 31;RUA JORNALISTA ALAIDE PIRES;25;PORTUGUESA ILHA DO;(21)3353-8448;21931615.0;RJ;Rio de Janeiro;2016;5;-22.7956175;-43.2098617;R. Jorn. Alaíde Píres, 25 - Portuguesa, Rio de Janeiro - RJ, 21931-615, Brazil
23967;35727;2778696;-22.8766521181864;-43.2278751249952;SMS CMS CARLOS FIGUEIREDO FILHO BOREL AP 22;RUA SAO MIGUEL;S/N;TIJUCA;25701688;20530420.0;RJ;Rio de Janeiro;2016;5;-22.9394494;-43.2515352;R. São Miguel - Tijuca, Rio de Janeiro - RJ, Brazil
23990;35856;6514022;-22.8766521181864;-43.2278751249952;SMS CF VICTOR VALLA AP 31;AVENIDA DOM HELDER CAMARA;1390;MANGUINHOS;(21)25811063;20973011.0;RJ;Rio de Janeiro;2016;5;-22.885617;-43.25113;Av. Dom Hélder Câmara, 1390 - Benfica, Rio de Janeiro - RJ, 20973-012, Brazil
24070;35777;3784975;-22.8766521181864;-43.2278751249952;SMS CF ZILDA ARNS AP 31;ESTRADA ITARARE;951;COMPLEXO DO ALEMAO;(21)2290-5089;21061240.0;RJ;Rio de Janeiro;2016;5;-22.8649668;-43.2683938;Estrada do Itararé, 951 - Bonsucesso, Rio de Janeiro - RJ, 21061-240, Brazil
24083;35800;5179726;-22.903000000000002;-43.208;SMS CF ALOYSIO AUGUSTO NOVIS AP 31;AVENIDA BRAS DE PINA;651;PENHA CIRCULAR;8440-4562;21070031.0;RJ;Rio de Janeiro;2016;5;-22.8379845;-43.2899615;Av. Braz de Pina, 651 - Penha Circular, Rio de Janeiro - RJ, 21210-673, Brazil
24122;35603;2280795;-22.8766521181864;-43.2278751249952;SMS CMS JOAO BARROS BARRETO AP 21;RUA TENREIRO ARANHA;S/N;COPACABANA;(21) 3208-5295;22031090.0;RJ;Rio de Janeiro;2016;5;-22.9672473;-43.1875163;R. Tenreiro Aranha - Copacabana, Rio de Janeiro - RJ, Brazil
24209;35861;6568491;-22.8766521181864;-43.2278751249952;SMS CF MARIA SEBASTIANA DE OLIVEIRA AP 31;AVENIDA DOS MAGISTERIOS;S/N;ILHA DO GOVERNADOR;(21) 2462-4720;21920455.0;RJ;Rio de Janeiro;2016;5;-22.7939908;-43.1990853;Av. do Magistério, Rio de Janeiro - RJ, Brazil
24243;35601;2277328;-22.903000000000002;-43.208;SMS CMS OSWALDO CRUZ AP 10;AV HENRIQUE VALADARES;151;CENTRO;(21) 22248054;20231031.0;RJ;Rio de Janeiro;2016;5;-22.9130167;-43.1907656;Av. Henrique Valadares, 151 - Centro, Rio de Janeiro - RJ, 20231-031, Brazil
24321;35833;6028233;-22.903000000000002;-43.208;SMS CF ESTACIO DE SA AP 10;RUA DO BISPO;159;RIO COMPRIDO;(21) 3259-1135;20261066.0;RJ;Rio de Janeiro;2016;5;-22.923537;-43.2131325;R. do Bpo., 159 - Rio Comprido, Rio de Janeiro - RJ, 20261-066, Brazil
27929;39810;2280760;-22.903000000000002;-43.208;SMS CMS MARIA APARECIDA DE ALMEIDA AP 53;PRACA ANTONIO MATTOS AREAS;S/N;PACIENCIA;(21)34840891;23585052.0;RJ;Rio de Janeiro;2016;5;-22.9224756;-43.6388801;Praça Antônio Mattos Áreas - Paciência, Rio de Janeiro - RJ, 23585-169, Brazil
27931;39800;2280310;-22.903000000000002;-43.208;SMS CF ERNANI DE PAIVA FERREIRA BRAGA AP 53;AVENIDA JOAO XXIII;S/N;SANTA CRUZ;(21)33953412;23560352.0;RJ;Rio de Janeiro;2016;5;-22.9029872;-43.7180536;Av. João XXIII - Santa Cruz, Rio de Janeiro - RJ, Brazil
27933;39733;2269546;-22.903000000000002;-43.208;SMS CMS DR OSWALDO VILELLA AP 52;RUA JOMAR MENDES;S/N;CAMPO GRANDE;(21)34072840;23095150.0;RJ;Rio de Janeiro;2016;5;-22.8753239;-43.5583456;R. Jomar Mendes - Campo Grande, Rio de Janeiro - RJ, Brazil
27946;39812;2280787;-22.8766521181864;-43.2278751249952;SMS CMS NILZA ROSA AP 22;RUA CASTEL NUOVO;150;TIJUCA;22789002;20530120.0;RJ;Rio de Janeiro;2016;5;-22.9422712;-43.2432715;R. Castelnuovo, 150 - Tijuca, Rio de Janeiro - RJ, 20530-120, Brazil
27953;39811;2280744;-22.903000000000002;-43.208;SMS CMS CARLOS GENTILLE DE MELLO AP 32;RUA BICUIBA;181;LINS DE VASCONCELOS;2088-1019;20715350.0;RJ;Rio de Janeiro;2016;5;-22.9132063;-43.2741493;R. Bicuíba, 181 - Engenho Novo, Rio de Janeiro - RJ, 20717-350, Brazil
27961;39799;2280205;-22.903000000000002;-43.208;SMS CMS RODOLPHO PERISSE VIDIGAL AP 21;AV PRESIDENTE JOAO GOULART;735;VIDIGAL;21-38744002;22450250.0;RJ;Rio de Janeiro;2016;5;-22.9967894;-43.24546489999999;Av. Pres. João Goulart, 735 - Vidigal, Rio de Janeiro - RJ, 22451-264, Brazil
27968;39729;2269309;-22.903000000000002;-43.208;SMS CMS CARLOS CRUZ LIMA AP 33;ESTRADA DO COLEGIO;983;COLEGIO;21 24733707;21235280.0;RJ;Rio de Janeiro;2016;5;-22.8350437;-43.3307052;Estr. do Colégio, 983 - Colégio, Rio de Janeiro - RJ, 21235-280, Brazil
27969;39744;2270307;-22.8766521181864;-43.2278751249952;SMS CMS MOURAO FILHO AP 52;ESTRADA DA BARRA DE GUARATIBA;9748;BARRA DE GUARATIBA;(21)34278562;23020240.0;RJ;Rio de Janeiro;2016;5;-23.0661716;-43.5685583;Estrada da Barra de Guaratiba, 9748 - Barra de Guaratiba, Rio de Janeiro - RJ, 23020-265, Brazil
27971;39731;2269511;-22.903000000000002;-43.208;SMS CMS GARFIELD DE ALMEIDA AP 52;RUA GENERAL PAULO DE OLIVEIRA;226;CAMPO GRANDE;(21) 33940860;23017520.0;RJ;Rio de Janeiro;2016;5;-22.9230549;-43.5183894;R. Gen. Paulo de Oliveira, 226 - Campo Grande, Rio de Janeiro - RJ, 23017-520, Brazil
27976;39753;2270633;-22.903000000000002;-43.208;SMS CMS MARIO VITOR DE A PACHECO AP 52;AVENIDA CESARIO DE MELO;5580;CAMPO GRANDE;(21) 3394 3842;23059001.0;RJ;Rio de Janeiro;2016;5;-22.9108304;-43.5863796;Av. Cesário de Melo, 5580 - Campo Grande, Rio de Janeiro - RJ, 23059-001, Brazil
28036;39742;2270250;-22.903000000000002;-43.208;SMS CMS ERNESTO ZEFERINO TIBAU JR AP 10;AVENIDA DO EXERCITO;1;SAO CRISTOVAO;(21)38958658;20910025.0;RJ;Rio de Janeiro;2016;5;-22.8998784;-43.22246519999999;Av. do Exército, 1 - São Cristóvão, Rio de Janeiro - RJ, 20910-060, Brazil
28037;39749;2270455;-22.8766521181864;-43.2278751249952;SMS CMS PADRE MIGUEL AP 51;RUA SANTO EVALDO;S/N;PADRE MIGUEL;(21)3335-0532;21875220.0;RJ;Rio de Janeiro;2016;5;-22.8733048;-43.4490871;R. Santo Evaldo - Padre Miguel, Rio de Janeiro - RJ, Brazil
28048;39730;2269503;-22.903000000000002;-43.208;SMS CMS EDUARDO A VILHENA AP 32;RUA JOSE DOS REIS;951;PILARES;(21) 3111-6693;20756115.0;RJ;Rio de Janeiro;2016;5;-22.8879889;-43.2934;R. José dos Reis, 951 - Engenho de Dentro, Rio de Janeiro - RJ, 20756-115, Brazil
28061;39870;2291274;-22.903000000000002;-43.208;SMS CMS JOSE MESSIAS DO CARMO AP 10;RUA WALDEMAR DUTRA;55;SANTO CRISTO;21 22331690;20220780.0;RJ;Rio de Janeiro;2016;5;-22.9005309;-43.2000997;R. Waldemar Dutra, 55 - Santo Cristo, Rio de Janeiro - RJ, 20220-780, Brazil
28065;39750;2270439;-22.903000000000002;-43.208;SMS CMS HENRIQUE MONAT AP 51;ESTRADA DO QUAFA;07;BANGU;3468-3421;21853050.0;RJ;Rio de Janeiro;2016;5;-22.8665288;-43.5102687;Estr. do Quafa, 7 - Bangu, Rio de Janeiro - RJ, 23098-050, Brazil
28098;39737;2269651;-22.903000000000002;-43.208;SMS CMS DOM HELDER CAMARA AP 21;RUA VOLUNTARIOS DA PATRIA;136;BOTAFOGO;(21) 2535-5090;22270010.0;RJ;Rio de Janeiro;2016;5;-22.9519424;-43.1864149;R. Voluntários da Pátria, 136 - Botafogo, Rio de Janeiro - RJ, 22270-010, Brazil
28100;39767;2273640;-22.8766521181864;-43.2278751249952;SMS CMS MADRE TERESA DE CALCUTA AP 31;AV ILHA DAS ENXADAS;100;BANCARIOS;(21)39754962;21910097.0;RJ;Rio de Janeiro;2016;5;-22.7867565;-43.1856271;Av. Ilha das Enxadas, 100 - Bancários, Rio de Janeiro - RJ, 21910-097, Brazil
28107;39739;2269759;-22.8766521181864;-43.2278751249952;SMS CMS FLAVIO DO COUTO VIEIRA AP 33;RUA LUCIO JOSE FILHO;S/N;PARQUE ANCHIETA;21 24557516;21635290.0;RJ;Rio de Janeiro;2016;5;-22.8312945;-43.4141843;R. Lúcio José Filho - Parque Anchieta, Rio de Janeiro - RJ, Brazil
28112;39728;2269295;-22.903000000000002;-43.208;SMS CMS CLEMENTINO FRAGA AP 33;RUA CAICARA;514;IRAJA;21 2482-7115;21361630.0;RJ;Rio de Janeiro;2016;5;-22.8514327;-43.3268081;R. Caiçara, 514 - Irajá, Rio de Janeiro - RJ, 21361-630, Brazil
28118;39743;2270293;-22.8766521181864;-43.2278751249952;SMS CMS RAUL BARROSO AP 52;AV ROBERTO BURLE MAX;S/N;GUARATIBA;(21)34273148;23020240.0;RJ;Rio de Janeiro;2016;5;-23.0377679;-43.5598635;Estrada Roberto Burle Marx, Rio de Janeiro - RJ, Brazil
28131;39745;2270315;-22.8766521181864;-43.2278751249952;SMS CMS MAIA BITTENCOURT AP 52;ESTRADA DO MATO ALTO;5609;GUARATIBA;(21)24108990;23030320.0;RJ;Rio de Janeiro;2016;5;-22.9921556;-43.5929303;Estr. do Mato Alto, 5609 - Guaratiba, Rio de Janeiro - RJ, 23030-320, Brazil
28133;39740;2269937;-22.903000000000002;-43.208;SMS CMS ALBERTO BORGERTH AP 33;RUA PADRE MANSO;S/N;MADUREIRA;21 30182477;21310260.0;RJ;Rio de Janeiro;2016;5;-22.8795337;-43.3373482;R. Padre Manso - Madureira, Rio de Janeiro - RJ, Brazil
28154;39752;2270560;-22.903000000000002;-43.208;SMS CMS MASAO GOTO AP 51;AV CARLOS PONTES;S/N;JARDIM SULACAP;(21)3357-7273;21741340.0;RJ;Rio de Janeiro;2016;5;-22.8882822;-43.4004966;Av. Carlos Pontes - Jardim Sulacap, Rio de Janeiro - RJ, Brazil
28165;39751;2270463;-22.903000000000002;-43.208;SMS CMS ATHAYDE JOSE DA FONSECA AP 51;AV DEZENOVE DE ABRIL RUA ROQUE BARBOSA;S/N;JARDIM BANGU;3336-1964;21863420.0;RJ;Rio de Janeiro;2016;5;-22.8476799;-43.4656644;Av. Dezenove de Abril & R. Roque Barbosa - Bangu, Rio de Janeiro - RJ, 21863-000, Brazil
28184;39894;2295237;-22.8766521181864;-43.2278751249952;SMS CF JOAO BATISTA CHAGAS AP 53;RUA PITOMBEIRAS;S/N;PACIENCIA;(21)34067597;23585245.0;RJ;Rio de Janeiro;2016;5;-22.9283061;-43.6360696;R. das Pitombeiras - Paciência, Rio de Janeiro - RJ, Brazil
28199;39732;2269538;-22.8766521181864;-43.2278751249952;SMS CMS EDGARD MAGALHAES GOMES AP 52;PRACA FILOMENA CARLOS MAGNO;0;INHOAIBA;(21)3377-2850;23063055.0;RJ;Rio de Janeiro;2016;5;-22.9082323;-43.59527509999999;Praça Filomena Carlos Magno - Inhoaíba, Rio de Janeiro - State of Rio de Janeiro, 23085-360, Brazil
28209;39910;2296551;-22.903000000000002;-43.208;SMS CMS AMERICO VELOSO AP 31;RUA GERSON FERREIRA;100;RAMOS;31045353 / 994874811;21030152.0;RJ;Rio de Janeiro;2016;5;-22.843802;-43.2518035;Rua Gerson Ferreira, 100 - Ramos, Rio de Janeiro - RJ, 21030-151, Brazil
28211;39734;2269554;-22.903000000000002;-43.208;SMS CMS BELIZARIO PENNA AP 52;RUA FRANKLIN;29;CAMPO GRANDE;(21)34079209;23080360.0;RJ;Rio de Janeiro;2016;5;-22.8978802;-43.569484;R. Franklin, 29 - Campo Grande, Rio de Janeiro - RJ, 23080-360, Brazil
28224;39765;2273551;-22.903000000000002;-43.208;SMS CMS ALOYSIO AMANCIO DA SILVA AP 53;ESTRADA DO CURTUME;S/N;SANTA CRUZ;(21)33054894;23575270.0;RJ;Rio de Janeiro;2016;5;-22.86912;-43.674724;Estrada do Cortume - Santa Cruz, Rio de Janeiro - RJ, Brazil
28239;39736;2269627;-22.8766521181864;-43.2278751249952;SMS CMS SYLVIO FREDERICO BRAUNER AP 33;RUA DARWIN BRANDAO;S/N;COSTA BARROS;21 38358689;21515210.0;RJ;Rio de Janeiro;2016;5;-22.8236917;-43.3618623;R. Darvin Brandão - Costa Barros, Rio de Janeiro - RJ, Brazil
28248;39735;2269562;-22.8766521181864;-43.2278751249952;SMS CMS MARIO RODRIGUES CID AP 52;RUA MATUREIA;S/N;COSMOS;(21)34024261;23060050.0;RJ;Rio de Janeiro;2016;5;-22.8915448;-43.6056079;R. Matureia - Cosmos, Rio de Janeiro - RJ, Brazil
28260;39738;2269732;-22.903000000000002;-43.208;SMS CMS CARMELA DUTRA AP 33;AV DOS ITALIANOS;480;ROCHA MIRANDA;21 30152879;21510103.0;RJ;Rio de Janeiro;2016;5;-22.8521872;-43.3494262;Av. dos Italianos, 480 - Rocha Miranda, Rio de Janeiro - RJ, 21510-103, Brazil
28262;39766;2273616;-22.8766521181864;-43.2278751249952;SMS CMS CYRO DE MELLO MANGUARIBA AP 53;AVENIDA DO CANAL;S/N;PACIENCIA;(21)24188065;23065630.0;RJ;Rio de Janeiro;2016;5;-22.9068467;-43.1728965;Rio de Janeiro, State of Rio de Janeiro, Brazil
28268;39746;2270323;-22.8766521181864;-43.2278751249952;SMS CMS ADAO PEREIRA NUNES AP 52;RUA FLORESTAL;S/N;INHOAIBA;(21)24096691;23056060.0;RJ;Rio de Janeiro;2016;5;-22.9236873;-43.6014101;R. Florestal - Galeão, Rio de Janeiro - RJ, 23097-485, Brazil
28277;39741;2270072;-22.8766521181864;-43.2278751249952;SMS CMS DR ALBERT SABIN AP 21;ESTRADA DA GAVEA;250;ROCINHA;(21) 3204-6088;22451264.0;RJ;Rio de Janeiro;2016;5;-22.9859493;-43.2452175;Estr. da Gávea, 250 - Rocinha, Rio de Janeiro - RJ, 22451-265, Brazil
28291;39747;2270366;-22.903000000000002;-43.208;SMS CMS MANOEL DE ABREU AP 52;RUA PADRE NOE GUALBERTO;1;SANTISSIMO;(21)34030971;23093045.0;RJ;Rio de Janeiro;2016;5;-22.875502;-43.532936;R. Padre Noé Gualberto, 1 - Santíssimo, Rio de Janeiro - RJ, 23093-045, Brazil
28306;39748;2270420;-22.903000000000002;-43.208;SMS CMS WALDYR FRANCO AP 51;PRACA CECILIA PEDRO;60;BANGU;(21)3332-9322;21840600.0;RJ;Rio de Janeiro;2016;5;-22.874907;-43.4687294;Praça Cecilia Pedro - Bangu, Rio de Janeiro - State of Rio de Janeiro, 21810-007, Brazil
28314;39764;2273225;-22.903000000000002;-43.208;SMS CMS ARIADNE LOPES DE MENEZES AP 32;RUA ENG CARLOS GONCALVES PENNA;S/N;ENGENHO DA RAINHA;(21) 3111-6755;20761330.0;RJ;Rio de Janeiro;2016;5;-22.8692283;-43.29747099999999;Rua Carlos Gonçalves Penna - Engenho da Rainha, Rio de Janeiro - RJ, 20765-630, Brazil
28322;39754;2270641;-22.8766521181864;-43.2278751249952;SMS CMS PEDRO NAVA AP 52;RUA DO PERNAMBUCANO;S/N;CAMPO GRANDE;(21)31558419;23095090.0;RJ;Rio de Janeiro;2016;5;-22.8519967;-43.5424332;R. do Pernambucano - Campo Grande, Rio de Janeiro - RJ, Brazil
30744;42481;2708213;-22.903000000000002;-43.208;SMS CMS HARVEY RIBEIRO DE SOUZA FILHO AP 40;AVENIDA GUIOMAR NOVAES;133;RECREIO DOS BANDEIRA;(21)34182547;22790590.0;RJ;Rio de Janeiro;2016;5;-23.0202344;-43.482695;Av. Guiomar Novaes, 133 - Recreio dos Bandeirantes, Rio de Janeiro - RJ, 22790-590, Brazil
30869;42483;2708426;-22.903000000000002;-43.208;SMS CMS ERNANI AGRICOLA AP 10;RUA CONSTANT JARDIM;08;SANTA TERESA;(21)22247194;20241160.0;RJ;Rio de Janeiro;2016;5;-22.9212222;-43.1892404;R. Constante Jardim, 8 - Santa Teresa, Rio de Janeiro - RJ, 20240-230, Brazil
31010;42480;2708183;-22.8766521181864;-43.2278751249952;SMS CMS DECIO AMARAL FILHO AP 53;RUA CILON CUNHA BRUM;S/N;SANTA CRUZ;(21)31581434;23573400.0;RJ;Rio de Janeiro;2016;5;-22.9124391;-43.656887;R. Cilon Cunha Brum - Santa Cruz, Rio de Janeiro - RJ, Brazil
31077;42482;2708167;-22.903000000000002;-43.208;SMS CMS CESAR PERNETTA AP 32;RUA ANA BARBOSA;21;MEIER;3111-6715;20735120.0;RJ;Rio de Janeiro;2016;5;-22.9016712;-43.2809691;R. Ana Barbosa, 21 - Meier, Rio de Janeiro - RJ, 20735-120, Brazil
31797;43247;2806320;-22.8766521181864;-43.2278751249952;SMS CMS SAVIO ANTUNES ANTARES AP 53;AVENIDA HERMINIA AURELIO SAMPAIO;105;PACIENCIA;(21)33173185;23590012.0;RJ;Rio de Janeiro;2016;5;-22.9219339;-43.6481938;Av. Hermínio Aurélio Sampaio, 105 - Paciência, Rio de Janeiro, 23590-012, Brazil
32020;43965;3567575;-22.903000000000002;-43.208;SMS CMS VILA SAO JORGE AP 52;RUA PROJETADA;02;COSMOS;(21)31551725;23059340.0;RJ;Rio de Janeiro;2016;5;-22.8907909;-43.614031;R. Projetada B, 2 - Cosmos, Rio de Janeiro - RJ, 23066-470, Brazil
32098;43963;3567559;-22.90353;-43.209579999999995;SMS CF VALDECIR SALUSTIANO CARDOZO AP 52;PRACA MANOEL MARIZ;S/N;COSMOS;(21)35238638;23059380.0;RJ;Rio de Janeiro;2016;5;-22.9152499;-43.6101466;Praça Manuel Mariz - Cosmos, Rio de Janeiro - RJ, Brazil
32100;43964;3567567;-22.8766521181864;-43.2278751249952;SMS CF ALKINDAR SOARES PEREIRA FILHO AP 52;ESTRADA DA PEDRA;S/N;PEDRA DE GUARATIBA;(21)34018794;23012140.0;RJ;Rio de Janeiro;2016;5;-22.9955627;-43.650225;Estr. da Pedra - Pedra de Guaratiba, Rio de Janeiro - RJ, Brazil
32145;43962;3567508;-22.8766521181864;-43.2278751249952;SMS CMS RAPHAEL DE PAULA SOUZA AP 40;ESTRADA DE CURICICA;2000;CURICICA;(21)24080058;22780194.0;RJ;Rio de Janeiro;2016;5;-22.9559071;-43.3941215;Estr. de Curicica, 2000 - Curicica, Rio de Janeiro - RJ, Brazil
32152;43791;3416372;-22.903000000000002;-43.208;SMS CF ROSINO BACCARINI AP 51;RUA ARAQUEM;840;BANGU;2401-5924;21860005.0;RJ;Rio de Janeiro;2016;5;-22.8549022;-43.46338919999999;R. Araquém, 840 - Bangu, Rio de Janeiro - RJ, 21860-005, Brazil
32282;43790;3416356;-22.903000000000002;-43.208;SMS CMS BUA BOANERGES BORGES DA FONSECA AP 51;RUA LARANJEIRAS DO SUL;S/N;MAGALHAES BASTOS;3462-5134;21745350.0;RJ;Rio de Janeiro;2016;5;-22.8770138;-43.41129650000001;R. Laranjeiras do Sul - Magalhaes Bastos, Rio de Janeiro - RJ, Brazil
32422;44114;3784967;-22.8766521181864;-43.2278751249952;SMS CMS ALEMAO AP 31;ESTRADA DO ITARARE;S/N;COMPLEXO DO ALEMAO;2122602972;21061240.0;RJ;Rio de Janeiro;2016;5;-22.8616331;-43.2678135;Estrada do Itararé - Complexo do Alemão, Rio de Janeiro - RJ, 21061-240, Brazil
32461;44135;3820599;-22.903000000000002;-43.208;SMS CF ARMANDO PALHARES AGUINAGA AP 51;AV SANTA CRUZ;S/N;REALENGO;21 2401-7787;21765020.0;RJ;Rio de Janeiro;2016;5;-22.8765852;-43.4470355;Av. de Santa Cruz - Realengo, Rio de Janeiro - RJ, Brazil
32660;44387;4046307;-22.903000000000002;-43.208;SMS CMS HAMILTON LAND AP 40;AV EDGARD WERNECK;1601;JACAREPAGUA;(21)34123199;22763011.0;RJ;Rio de Janeiro;2016;5;-22.9494789;-43.35914469999999;Rua Edgard Werneck, 1601 - Cidade de Deus, Rio de Janeiro - RJ, 22763-011, Brazil
32736;44795;5457009;-22.8766521181864;-43.2278751249952;SMS CMS IRACI LOPES AP 31;RUA ANTONIO MENDES;02;VIGARIO GERAL;(21)3451-9504;21010690.0;RJ;Rio de Janeiro;2016;5;-22.8070662;-43.3036332;R. Antônio Mendes, 2 - Vigário Geral, Rio de Janeiro - RJ, 21010-400, Brazil
32751;44770;5417708;-22.903000000000002;-43.208;SMS CF SOUZA MARQUES AP 33;PRACA PATRIARCA;S/N;CAMPINHO;21 33597500;21310440.0;RJ;Rio de Janeiro;2016;5;-22.8780489;-43.3418382;Praça do Patriarca - Madureira, Rio de Janeiro - RJ, Brazil
32888;44720;5358612;-22.8766521181864;-43.2278751249952;SMS CMS CASA BRANCA AP 22;ESTRADA DA CASA BRANCA;200;TIJUCA;22983365;20530420.0;RJ;Rio de Janeiro;2016;5;-22.9356975;-43.2546761;Estr. da Casa Branca, 200 - Tijuca, Rio de Janeiro - RJ, 20531-490, Brazil
32940;44486;5044685;-22.8766521181864;-43.2278751249952;SMS CF ENFERMEIRA EDMA VALADAO AP 33;AV BRASIL;18476;IRAJA;21 33621064;21530000.0;RJ;Rio de Janeiro;2016;5;-22.8258111;-43.3379012;Av. Brasil, 18476 - Acari, Rio de Janeiro - RJ, 21531-315, Brazil
33082;44692;5315026;-22.903000000000002;-43.208;SMS CMS FAZENDA BOTAFOGO AP 33;RUA ARNALDO GUINLE;S/N;COELHO NETO;21 34520835;21530020.0;RJ;Rio de Janeiro;2016;5;-22.8268137;-43.3566153;R. Arnaldo Guinle - Coelho Neto, Rio de Janeiro - RJ, Brazil
33125;44842;5476798;-22.903000000000002;-43.208;SMS CMS HELIO SMIDT AP 31;RUA TANCREDO NEVES;S/N;COMPLEXO DA MARE;(21)3882-3664;21044725.0;RJ;Rio de Janeiro;2016;5;-22.8579616;-43.2398393;R. Tancredo Neves - Maré, Rio de Janeiro - RJ, Brazil
33132;44915;5546591;-22.903000000000002;-43.208;SMS CF MARIA JOSE DE SOUSA BARBOSA AP 51;ESTRADA DO TAQUARAL;100;BANGU;3462-7686;21842550.0;RJ;Rio de Janeiro;2016;5;-22.8642439;-43.47488329999999;Estr. do Taquaral, 100 - Bangu, Rio de Janeiro - RJ, 21842-550, Brazil
33138;44974;5621801;-22.903000000000002;-43.208;SMS CSE LAPA AP 10;RUA DO RIACHUELO;43;CENTRO;32316026;20230010.0;RJ;Rio de Janeiro;2016;5;-22.9142481;-43.1814529;R. Riachuelo, 43 - Centro, Rio de Janeiro - RJ, 20230-010, Brazil
33200;44971;5620287;-22.8766521181864;-43.2278751249952;SMS CF AGENOR DE MIRANDA ARAUJO NETO AP 52;ESTRADA DO MATO ALTO;S/N;GUARATIBA;(21)33774978;23030440.0;RJ;Rio de Janeiro;2016;5;-22.9627665;-43.5852107;Estr. do Mato Alto - Guaratiba, Rio de Janeiro - RJ, Brazil
33234;45144;5879655;-22.8766521181864;-43.2278751249952;SMS CMS ALICE TOLEDO TIBIRICA AP 33;RUA JURITI;S/N;IRAJA;21 24712397;21230320.0;RJ;Rio de Janeiro;2016;5;-22.829871;-43.3287012;R. Juriti - Irajá, Rio de Janeiro - RJ, Brazil
33238;44914;5546583;-22.903000000000002;-43.208;SMS CMS CATIRI AP 51;RUA TRES MARIAS;S/N;BANGU;2403-3686;21860340.0;RJ;Rio de Janeiro;2016;5;-22.8474855;-43.4713849;R. Três Marias - Bangu, Rio de Janeiro - RJ, 21863-000, Brazil
33325;45004;5670357;-22.8766521181864;-43.2278751249952;SMS CMS VILA DO CEU AP 52;RUA GUARUJA;69;COSMOS;(21)33840351;23060660.0;RJ;Rio de Janeiro;2016;5;-22.9131356;-43.6175331;R. Guarujá, 69 - Inhoaíba, Rio de Janeiro - RJ, 23060-660, Brazil
33337;44951;5598435;-22.8766521181864;-43.2278751249952;SMS CMS TIA ALICE AP 32;R SANTOS MELLO;73;SAO FRANCISCO XAVIER;(21) 2218-2795;20960030.0;RJ;Rio de Janeiro;2016;5;-22.9035907;-43.24236459999999;Rua Santos Mello, 73 - São Francisco Xavier, Rio de Janeiro - RJ, 20960-030, Brazil
33370;44811;5465877;-22.8766521181864;-43.2278751249952;SMS CMS NOVO PALMARES AP 40;RUA JACARANDA;16;VARGEM PEQUENA;(21)24426735;22783117.0;RJ;Rio de Janeiro;2016;5;-22.9898283;-43.4610603;R. Jacarandá, 16 - Jacarepagua, Rio de Janeiro - RJ, 22713-360, Brazil
33410;44837;5476836;-22.8766521181864;-43.2278751249952;SMS CMS SAMORA MACHEL AP 31;RUA PRINCIPAL;S/N;COMPLEXO DA MARE;(21)3105-3596;21044690.0;RJ;Rio de Janeiro;2016;5;-22.8559695;-43.242089;R. Principal - Maré, Rio de Janeiro - RJ, 21044-690, Brazil
33424;44843;5476801;-22.903000000000002;-43.208;SMS CMS NOVA HOLANDA AP 31;RUA IVANILDO ALVES;S/N;MARE;(21)3105-7809;21043230.0;RJ;Rio de Janeiro;2016;5;-22.8574971;-43.2430137;Maré, Rio de Janeiro - State of Rio de Janeiro, Brazil
33446;44812;5465885;-22.8766521181864;-43.2278751249952;SMS CMS SANTA MARIA AP 40;ESTRADA DO RIO PEQUENO;S/N;JACAREPAGUA;(21) 33472047;22723195.0;RJ;Rio de Janeiro;2016;5;-22.9170634;-43.431733;Estr. Rio Pequeno - Jacarepagua, Rio de Janeiro - RJ, Brazil
33489;44910;5541719;-22.903000000000002;-43.208;SMS CMS MORRO UNIAO AP 33;RUA DA JAQUEIRA;S/N;COELHO NETO;21 33716405;21510290.0;RJ;Rio de Janeiro;2016;5;-22.8380988;-43.3474702;R. Jaqueira - Coelho Neto, Rio de Janeiro - RJ, 20765-630, Brazil
33495;44836;5476844;-22.903000000000002;-43.208;SMS CMS VILA DO JOAO AP 31;RUA 17;S/N;COMPLEXO DA MARE;(21)31090006;21043020.0;RJ;Rio de Janeiro;2016;5;-22.8734634;-43.2394466;R. Dezessete - Maré, Rio de Janeiro - RJ, 21046-725, Brazil
33610;45262;6023320;-22.8766521181864;-43.2278751249952;SMS CF AUGUSTO BOAL AP 31;AV GUILHERME MAXWEL;107;COMPLEXO DA MARE;(21) 3105-8982;21040211.0;RJ;Rio de Janeiro;2016;5;-22.8651791;-43.2431937;Av. Guilherme Maxwel, 107 - Maré, Rio de Janeiro - RJ, 21040-211, Brazil
33616;45274;6029922;-22.8766521181864;-43.2278751249952;SMS CMS AGUIAR TORRES AP 52;ESTRADA DE INHOAIBA;849;INHOAIBA;(21)33773456;23063010.0;RJ;Rio de Janeiro;2016;5;-22.8983978;-43.59438590000001;Estr. de Inhoaiba, 849 - Inhoaíba, Rio de Janeiro - RJ, 23063-010, Brazil
33617;45273;6029825;-22.903000000000002;-43.208;SMS CMS CARLOS ALBERTO NASCIMENTO AP 52;PRACA MAJOR VIEIRA DE MELO;0;CAMPO GRANDE;(21)2412-4310;23045405.0;RJ;Rio de Janeiro;2016;5;-22.9184611;-43.5583563;Praça Major Vieira de Melo 0 S/N - Campo Grande, Rio de Janeiro - RJ, 23045-405, Brazil
33656;45265;6023983;-22.903000000000002;-43.208;SMS CSE SAO FRANCISCO DE ASSIS AP 10;RUA AFONSO CAVALCANTI;20;CIDADE NOVA;(21) 3938-4449;20230030.0;RJ;Rio de Janeiro;2016;5;-22.910432;-43.20433510000001;R. Afonso Cavalcanti, 20 - Cidade Nova, Rio de Janeiro - RJ, 20211-110, Brazil
33667;45275;6029965;-22.8766521181864;-43.2278751249952;SMS CF MARCOS VALADAO AP 33;AV PASTOR MARTIN LUTHER KING JR;10976;ACARI;21 33732253;21530015.0;RJ;Rio de Janeiro;2016;5;-22.8284302;-43.3461028;Av. Pastor Martin Luther King Junior, 10976 - Coelho Neto, Rio de Janeiro - RJ, 20765-630, Brazil
33713;45281;6033121;-22.8766521181864;-43.2278751249952;SMS CMS ANTENOR NASCENTES AP 32;RUA PROFESSOR ANTENOR NASCENTES;125;LINS DE VASCONCELOS;(21) 3277-6368;21710150.0;RJ;Rio de Janeiro;2016;5;-22.9068024;-43.2748407;R. Antenor Nascentes, 125 - Lins de Vasconcelos, Rio de Janeiro - RJ, 20710-150, Brazil
33881;45267;6026737;-22.903000000000002;-43.208;SMS CMS ADELINO SIMOES NOVA SEPETIBA AP 53;AVENIDA SETE;S/N;SEPETIBA;(21)32926680;23520660.0;RJ;Rio de Janeiro;2016;5;-22.9563702;-43.68972100000001;Av. Sete - Sepetiba, Rio de Janeiro - RJ, Brazil
33907;45586;6387152;-22.8766521181864;-43.2278751249952;SMS CF OLIMPIA ESTEVES AP 51;RUA OLIMPIA ESTEVES;S/N;PADRE MIGUEL;33093487;21775004.0;RJ;Rio de Janeiro;2016;5;-22.8892742;-43.44703870000001;R. Olímpia Esteves - Padre Miguel, Rio de Janeiro - RJ, Brazil
33939;45877;6632831;-22.8766521181864;-43.2278751249952;SMS CMS CHAPEU MANG BABILONIA AP 21;RUA SAO FRANCISCO;5;LEME;(21) 3209-2779;22010060.0;RJ;Rio de Janeiro;2016;5;-22.9597702;-43.1713128;R. São Francisco, 5 - Leme, Rio de Janeiro - RJ, 22010-060, Brazil
33944;45715;6496989;-22.8766521181864;-43.2278751249952;SMS CF CANTAGALO PAVAO PAVAOZINHO AP 21;LADEIRA SAINT ROMAN;172;COPACABANA;25234127;22071060.0;RJ;Rio de Janeiro;2016;5;-22.9816033;-43.1964039;R. Saint Roman, 172 - Copacabana, Rio de Janeiro - RJ, 22071-060, Brazil
34054;45917;6664040;-22.8766521181864;-43.2278751249952;SMS CF HEITOR DOS PRAZERES AP 31;RUA IGUAPERIBA;00;PENHA;984404362;21012020.0;RJ;Rio de Janeiro;2016;5;-22.8234197;-43.2826729;R. Iguaperiba - Bráz De Pina, Rio de Janeiro - RJ, 21012-350, Brazil
34063;45913;6660185;-22.8766521181864;-43.2278751249952;SMS CF DEOLINDO COUTO AP 53;RUA SANTO AUGURIO;40;SANTA CRUZ;(21)31589665;23510220.0;RJ;Rio de Janeiro;2016;5;-22.9199329;-43.6752681;R. Santo Augúrio, 40 - Santa Cruz, Rio de Janeiro - RJ, 23510-220, Brazil
34069;45727;6506232;-22.8766521181864;-43.2278751249952;SMS CF RINALDO DE LAMARE AP 21;AV NIEMEYER;776;SAO CONRADO;(21) 3324-2487;22450221.0;RJ;Rio de Janeiro;2016;5;-22.9933863;-43.2526856;Av. Niemeyer, 776 - Rocinha, Rio de Janeiro - RJ, 22450-221, Brazil
34085;45748;6524486;-22.8766521181864;-43.2278751249952;SMS CF RODRIGO Y AGUILAR ROIG AP 31;ESTRADA DO ITARARE;650;COMPLEXO DO ALEMAO;(21)98498-3242;21061240.0;RJ;Rio de Janeiro;2016;5;-22.8607851;-43.2679217;Estrada do Itararé, 650 - Ramos, Rio de Janeiro - RJ, 21061-240, Brazil
34153;45723;6503772;-22.8766521181864;-43.2278751249952;SMS CF MARIA DO SOCORRO ROCINHA AP 21;ESTRADA DA GAVEA;522;ROCINHA;33226694;22451272.0;RJ;Rio de Janeiro;2016;5;-22.9894414;-43.2523537;Estr. da Gávea, 522 - Gávea, Rio de Janeiro - RJ, 22451-971, Brazil
34191;45993;6716598;-22.8766521181864;-43.2278751249952;SMS CF MAURY ALVES DE PINHO AP 40;ESTRADA DOS BANDEIRANTES;11227;VARGEM PEQUENA;34108572;22783116.0;RJ;Rio de Janeiro;2016;5;-22.9881701;-43.4330949;Estr. dos Bandeirantes, 11227 - Jacarepagua, Rio de Janeiro - RJ, 22783-415, Brazil
34273;45957;6688152;-22.8766521181864;-43.2278751249952;SMS CF IZABEL DOS SANTOS AP 32;RUA DOIS DE MAIO;220;SAMPAIO;(21) 3297-3998;20961160.0;RJ;Rio de Janeiro;2016;5;-22.8993909;-43.2636286;R. Dois de Maio, 220 - Engenho Novo, Rio de Janeiro - RJ, 20961-160, Brazil
34349;46176;6869009;-22.903000000000002;-43.208;SMS CF ANA MARIA CONCEICAO DOS SANTOS CORREIA AP 33;RUA QUATRO;S/N;VILA KOSMOS;21 33527818;21210530.0;RJ;Rio de Janeiro;2016;5;-22.8499227;-43.3060184;Rua Quatro S/N Conjunto Ipase - Vila Cosmos, 21210-530, Brazil
34360;46036;6761704;-22.903000000000002;-43.208;SMS CF MARIA DE AZEVEDO RODRIGUES PEREIRA AP 33;PRACA PROFESSORA SANTINHA;S/N;PARQUE ANCHIETA;21 30196181;21620510.0;RJ;Rio de Janeiro;2016;5;-22.8340589;-43.4078327;Praça Professora Santinha - Parque Anchieta, Rio de Janeiro - State of Rio de Janeiro, 21620-150, Brazil
34400;46074;6793231;-22.8766521181864;-43.2278751249952;SMS CF EPITACIO SOARES REIS AP 33;AV CHISOSTOMO PIMENTEL DE OLIVEIRA;S/N;PAVUNA;21 24555671;21650001.0;RJ;Rio de Janeiro;2016;5;-22.8146299;-43.3808791;Av. Chrisóstomo Pimentel de Oliveira - Pavuna, Rio de Janeiro - RJ, Brazil
34405;46256;6919626;-22.903000000000002;-43.208;SMS CF SERGIO NICOLAU AMIN AP 32;PRACA DA CONFEDERACAO SUICA;S/N;DEL CASTILHO;(21) 3277-4010;20760020.0;RJ;Rio de Janeiro;2016;5;-22.8785714;-43.2753081;Praça da Confederação Suíça - Del Castilho, Rio de Janeiro - RJ, Brazil
34488;46172;6864708;-22.903000000000002;-43.208;SMS CF MARIO DIAS ALENCAR AP 51;RUA MUCURIPE;S/N;BANGU;3424-8997;21832150.0;RJ;Rio de Janeiro;2016;5;-22.8945754;-43.4884602;R. Mucuripe - Senador Camará, Rio de Janeiro - RJ, Brazil
34512;46066;6784720;-22.903000000000002;-43.208;SMS CMS ITANHANGA AP 40;ESTRADA DO ITANHANGA;270;ITANHANGA;(21)31394904;22753005.0;RJ;Rio de Janeiro;2016;5;-22.9914508;-43.3115352;Estr. do Itanhangá, 270 - Itanhangá, Rio de Janeiro - RJ, 22753-005, Brazil
34645;46189;6873960;-22.903000000000002;-43.208;SMS CF SERGIO VIEIRA DE MELLO AP 10;AVENIDA TRINTA E UM DE MARCO;S/N;CATUMBI;(21) 2502-8666;20251000.0;RJ;Rio de Janeiro;2016;5;-22.9169764;-43.1941693;Av. Trinta e Um de Março - Catumbi, Rio de Janeiro - RJ, Brazil
34654;46155;6852203;-22.903000000000002;-43.208;SMS CF KELLY CRISTINA DE SA LACERDA SILVA AP 51;AVENIDA CARLOS SAMPAIO CORREA;S/N;SENADOR CAMARA;3463-0644;21830250.0;RJ;Rio de Janeiro;2016;5;-22.8861375;-43.4816746;Av. Carlos Sampaio Correia - Senador Camará, Rio de Janeiro - RJ, Brazil
34658;46270;6927254;-22.903000000000002;-43.208;SMS CMS NEWTON BETHLEM AP 40;RUA BARAO;260;JACAREPAGUA;38337052;21321620.0;RJ;Rio de Janeiro;2016;5;-22.9022146;-43.3472647;Rua Barão, 260 - Praça Seca, Rio de Janeiro - RJ, 21321-620, Brazil
34720;46243;6914152;-22.903000000000002;-43.208;SMS CF BIBI VOGEL AP 32;ESTRADA ADHEMAR BEBIANO;3686;ENGENHO DA RAINHA;(21) 3251-7428;20766721.0;RJ;Rio de Janeiro;2016;5;-22.865347;-43.291126;Estrada Adhemar Bebiano, 3686 - Engenho da Rainha, Rio de Janeiro - RJ, 20766-721, Brazil
34747;46708;2269848;-22.89012;-43.48236;SMS CMS ALEXANDER FLEMING AP 51;RUA MARMIARI;S/N;SENADOR CAMARA;3335-0594;21831000.0;RJ;Rio de Janeiro;2016;5;-22.889874;-43.4824518;R. Marmiari - Senador Camará, Rio de Janeiro - RJ, Brazil
34774;46710;2270579;-22.869020000000003;-43.48299;SMS CMS DR EITHEL PINHEIRO DE OLIVEIRA LIMA AP 51;ESTRADA DO TAQUARAL;S/N;SENADOR CAMARA;3332-9207;21842550.0;RJ;Rio de Janeiro;2016;5;-22.8713139;-43.4870391;Estr. do Taquaral - Senador Camará, Rio de Janeiro - RJ, Brazil
34913;46709;2270552;-22.87966;-43.497040000000005;SMS CMS SILVIO BARBOSA AP 51;RUA RODRIGUES DE FREITAS;S/N;SENADOR CAMARA;3331-2596;21833260.0;RJ;Rio de Janeiro;2016;5;-22.8797796;-43.4970398;R. Rodrigues de Freitas - Senador Camará, Rio de Janeiro - RJ, Brazil
34962;46715;2273543;-22.88994;-43.63842;SMS CMS FLORIPES GALDINO PEREIRA AP 53;RUA SRG GERALDO BERTI;0;SANTA CRUZ;(21)34277056;23066050.0;RJ;Rio de Janeiro;2016;5;-22.8864528;-43.6397886;R. Srg. Geraldo Berti - Paciência, Rio de Janeiro - RJ, Brazil
34963;46758;2295253;-22.84708;-43.36509;SMS CF WALDEMAR BERARDINELLI AP 53;RUA FREDERICO TROTA;S/N;SEPETIBA;(21) 331581024;23535790.0;RJ;Rio de Janeiro;2016;5;-22.8889176;-43.2281403;Rua Frederico Trota s/n.º - Sepetiba, Rio de Janeiro, 23535-790, Brazil
35010;46724;2277301;-22.90353;-43.209579999999995;SMS CMS MANOEL ARTHUR VILLABOIM AP 10;PRACA BOM JESUS;40;ILHA DE PAQUETA;(21)33970123;20397140.0;RJ;Rio de Janeiro;2016;5;-22.7612836;-43.1076753;Praça Bom Jesus, 40 - Paquetá, Rio de Janeiro - RJ, Brazil
36231;47819;5456932;-22.86993;-43.25424;SMS FIOCRUZ ENSP CSE GERMANO SINVAL FARIA AP 31;RUA LEOPOLDO BULHOES;1480;MANGUINHOS;25982519;21041210.0;RJ;Rio de Janeiro;2016;5;-22.878646;-43.250403;R. Leopoldo Bulhões, 1480 - Bonsucesso, Rio de Janeiro - RJ, Brazil
36322;48331;7036914;-22.878020000000003;-43.53622;SMS CF ANTONIO GONCALVES VILLA SOBRINHO AP 52;ESTRADA DO CAMPINHO;2899;CAMPO GRANDE;(21)33943043;23070220.0;RJ;Rio de Janeiro;2016;5;-22.8924072;-43.5912596;Estr. do Campinho, 2899 - Campo Grande, Rio de Janeiro - RJ, 23070-220, Brazil
36337;48254;7015208;-22.946460000000002;-43.18568;SMS CMS PARQUE UNIAO AP 31;RUA ARI LEAO;33;MARE;98464-0376;21040005.0;RJ;Rio de Janeiro;2016;5;-22.850967;-43.245665;R. Ari Leão, 33 - Ramos, Rio de Janeiro - RJ, 21040-005, Brazil
36388;48330;7036884;-22.897679999999998;-43.19583;SMS CF SONIA MARIA FERREIRA MACHADO AP 52;ESTRADA DA POSSE;S/N;SANTISSIMO;(21)2403-1583;23094125.0;RJ;Rio de Janeiro;2016;5;-22.8766004;-43.5278572;Estrada da Posse - Santíssimo, Rio de Janeiro - RJ, Brazil
36530;48061;6695566;-22.91076;-43.20543;SMS PS CASS AP 10;RUA AFONSO CAVALCANTE;455;CIDADE NOVA;2129763332;20211901.0;RJ;Rio de Janeiro;2016;5;-22.9112524;-43.2056333;R. Afonso Cavalcanti, 455 - Cidade Nova, Rio de Janeiro - RJ, 20211-200, Brazil
36575;48187;6974708;-22.98409;-43.2071;SMS CF MAESTRO CELESTINO AP 33;RUA LOURENCO MARQUES;70;MARECHAL HERMES;21 30174920;21675540.0;RJ;Rio de Janeiro;2016;5;-22.8482635;-43.3621168;R. Lourenço Marquês, 70 - Mal. Hermes, Rio de Janeiro - RJ, 21675-540, Brazil
37105;48510;7088574;-22.903000000000002;-43.208;SMS CF MANOEL FERNANDES DE ARAUJO AP 33;RUA LAUDO DE CAMARGO;S/N;PAVUNA;21 3358 7884;21655490.0;RJ;Rio de Janeiro;2016;5;-22.8164524;-43.3819463;R. Laudo de Camargo - Pavuna, Rio de Janeiro - RJ, Brazil
37988;50973;7892810;-22.955281399999997;-43.3431166;SMS CF BARBARA MOSLEY DE SOUZA AP 40;AVENIDA OTAVIO MALTA;S/N;ANIL;;22765820.0;RJ;Rio de Janeiro;2016;5;-22.9586935;-43.3431108;Av. Otávio Malta - Anil, Rio de Janeiro - RJ, Brazil
38125;50917;7856954;-22.8101896;-43.189083000000004;SMS CMS NEWTON ALVES CARDOZO AP 31;RUA DR ANTONIO MONTEIRO ANTIGA RUA COMBU;191;CACUIA;(21)39752922;21921610.0;RJ;Rio de Janeiro;2016;5;-22.809097;-43.188888;R. Combu, 191 - Cacuia, Rio de Janeiro - RJ, 21921-510, Brazil
38143;50974;7892829;-22.977518300000003;-43.334149200000006;SMS CF HELENA BESSERMAN VIANNA AP 40;VIA LIGHT;S/N;JACAREPAGUA;;22753053.0;RJ;Rio de Janeiro;2016;5;-22.7748119;-43.4255175;Via Light, Rio de Janeiro - RJ, Brazil
38201;50976;7894554;-22.8588501;-43.538594;SMS CF ISABELA SEVERO DA SILVA AP 52;RUA VOTORANTIM;664;CAMPO GRANDE;(21)35238534;23095710.0;RJ;Rio de Janeiro;2016;5;-22.8572709;-43.5415619;R. Votorantin, 664 - Campo Grande, Rio de Janeiro - RJ, 23095-710, Brazil
38234;50918;7856962;-22.8121263;-43.191829299999995;SMS CMS PAULINO WERNECK AP 31;ESTRADA DA CACUIA;745;CACUIA;+55 21 2467-7048;21921001.0;RJ;Rio de Janeiro;2016;5;-22.8111089;-43.184382;Estr. da Cacuia, 745 - Cacuia, Rio de Janeiro - RJ, 21921-001, Brazil
38299;50972;7892802;-22.8398482;-43.3623289;SMS CF ADOLFO FERREIRA DE CARVALHO AP 33;ESTRADA JOAO PAULO;1007;HONORIO GURGEL;3106-8864;21512002.0;RJ;Rio de Janeiro;2016;5;-22.8413297;-43.3623077;Estr. João Paulo, 1007 - Barros Filho, Rio de Janeiro - RJ, Brazil
38305;49994;7523246;-22.90169;-43.20458;SMS CF NELIO DE OLIVEIRA AP 10;RUA RIVADAVIA CORREA;188;GAMBOA;(21) 2263-1796;20220290.0;RJ;Rio de Janeiro;2016;5;-22.8977603;-43.1958961;R. Rivadávia Corrêa, 188 - Gambôa, Rio de Janeiro - RJ, 20220-290, Brazil
38329;50547;7714610;-22.90169;-43.20458;SMS CMS MATA ATLANTICA AP 40;AVENIDA SAMPAIO CORREA;S/N;JACAREPAGUA;;22713375.0;RJ;Rio de Janeiro;2016;5;-22.9376258;-43.3928814;R. Sampaio Correa - Jacarepagua, Rio de Janeiro - RJ, Brazil
38422;50978;7896204;-22.896023100000004;-43.6711099;SMS CF ALICE DE JESUS REGO AP53;ESTRADA DOS PALMARES;S/N;SANTA CRUZ;24184256;23575270.0;RJ;Rio de Janeiro;2016;5;-22.8781526;-43.6490295;Estr. dos Palmares - Santa Cruz, Rio de Janeiro - RJ, Brazil
38926;50383;7638086;-22.90169;-43.20458;SMS CF PEDRO ERNESTO AP 22;RUA VINTE E OITO DE SETEMBRO;109;VILA ISABEL;25685515;20551030.0;RJ;Rio de Janeiro;2016;5;-22.914352;-43.237614;Boulevard 28 de Setembro, 109 - Vila Isabel, Rio de Janeiro - RJ, 20551-030, Brazil
39006;50274;7594712;-22.90169;-43.20458;SMS CF PALMEIRAS AP 31;RUA AUGUSTO BORBOREMA;S/N;INHAUMA;21998959225;20766195.0;RJ;Rio de Janeiro;2016;5;-22.8648133;-43.2885734;Rua Augusto e Sousa - Inhauma, Rio de Janeiro - RJ, Brazil
39127;50952;7873565;-22.9905677;-43.366163799999995;SMS CF JOSE DE SOUZA HERDY AP 40;AVENIDA AYRTON SENNA;3383;BARRA DA TIJUCA;35238635;22775002.0;RJ;Rio de Janeiro;2016;5;-22.9815882;-43.3666464;Av. Ayrton Senna, 3383 - Barra da Tijuca, Rio de Janeiro - RJ, 22775-001, Brazil
39467;203;6927319;-22.903000000000002;-43.208;SMS CF PADRE JOSE DE AZEVEDO TIUBA AP 40;RUA ACAPORI;S/N;GARDENIA AZUL;(21)24262061;22765650.0;RJ;Rio de Janeiro;2016;5;-22.9606591;-43.351837;R. Acapori - Gardênia Azul, Rio de Janeiro - RJ, 22765-650, Brazil
39470;267;7108265;-22.8598541067168;-43.3713385462761;SMS CF DANTE ROMANO JUNIOR AP 33;RUA CAROLINA MACHADO;S/N;MARECHAL HERMES;21 24896838;21557150.0;RJ;Rio de Janeiro;2016;5;-22.8620538;-43.36769;R. Carolina Machado - Mal. Hermes, Rio de Janeiro - RJ, Brazil
39603;781;6927289;-22.903000000000002;-43.208;SMS CF OTTO ALVES DE CARVALHO AP 40;AVENIDA ENGENHEIRO SOUZA FILHO;200;JACAREPAGUA;(21)34155020;22723730.0;RJ;Rio de Janeiro;2016;5;-22.9708211;-43.3368163;Av. Eng. Souza Filho, 200 - Jacarepagua, Rio de Janeiro - RJ, 22753-039, Brazil
39707;927;7052049;-22.8953210536584;-43.2460579276085;SMS CF CARIOCA AP 32;RUA BERGAMO;320;ROCHA;(21) 2501-6577;20960045.0;RJ;Rio de Janeiro;2016;5;-22.8951258;-43.2462836;R. Bérgamo, 320 - Rocha, Rio de Janeiro - RJ, 20911-170, Brazil
39808;1992;6559727;-22.8766521181864;-43.2278751249952;SMS CF ILZO MOTTA DE MELLO AP 53;AVENIDA CESARIO DE MELO;11485;SANTA CRUZ;33956771;23056000.0;RJ;Rio de Janeiro;2016;5;-22.9185817;-43.6392465;Av. Cesário de Melo, 11485 - Paciência, Rio de Janeiro, 23585-125, Brazil
40113;2171;6559735;-22.8766521181864;-43.2278751249952;SMS CF LENICE MARIA MONTEIRO COELHO AP 53;RUA JOSE CARLOS MATTA MACHADO;S/N;SANTA CRUZ;(21)34840882;23575410.0;RJ;Rio de Janeiro;2016;5;-22.9080093;-43.6655672;Rua José Carlos Matta Machado - Santa Cruz, Rio de Janeiro - RJ, 23575-410, Brazil
40213;835;6932916;-22.903000000000002;-43.208;SMS CF JOAOSINHO TRINTA AP 31;RUA ANAMA PRACA JOSE DA MATTA;S/N;VIGARIO GERAL;(21)3448-5440;21241020.0;RJ;Rio de Janeiro;2016;5;-22.8156022;-43.3028307;R. Anamá - Vigário Geral, Rio de Janeiro - RJ, Brazil
40230;902;6581994;-22.8766521181864;-43.2278751249952;SMS CF JOSE ANTONIO CIRAUDO AP 53;AVENIDA AREIA BRANCA;1428;SANTA CRUZ;21)23942766/32927862;23550740.0;RJ;Rio de Janeiro;2016;5;-22.9384797;-43.6866644;Av. Areia Branca, 1428 - Santa Cruz, Rio de Janeiro - RJ, 23550-740, Brazil
40541;1988;6571956;-22.8766521181864;-43.2278751249952;SMS CF JOSUETE SANTANNA DE OLIVEIRA AP 33;RUA LUIZ COUTINHO CAVALCANTI;S/N;GUADALUPE;21 30150122;21675310.0;RJ;Rio de Janeiro;2016;5;-22.8478868;-43.3724155;Rua Luís Coutinho Cavalcanti - Guadalupe, Rio de Janeiro - RJ, Brazil
